Workbook

Sheet Pivot Sheet
A3: Row Labels | B3: Sum of total_revenue | C3: Sum of order_count
A4: Bakery | B4: 15410 | C4: 67
A5: Dairy & Eggs | B5: 14090 | C5: 66
A6: Fruits & Vegetables | B6: 9790 | C6: 73
A7: Household Essentials | B7: 21715 | C7: 79
A8: Personal Care | B8: 16382 | C8: 66
A9: Snacks & Beverages | B9: 10895 | C9: 83
A10: Grand Total | B10: 88282 | C10: 434

Sheet Category Summary
A1: category | B1: Pivot total revenue | C1: Target Revenue | D1: Variance | E1: Percentage Variance | F1: Status | G1: Matches Part 1 SQL total?
A2: Bakery | B2: ='Pivot Sheet'!B4 -> 15410 | C2: =_xlfn.XLOOKUP(A2, 'Category Targets'!$A$2:$A$7, 'Category Targets'!$B$2:$B$7, "Not Found") -> 12000 | D2: =C2-B2 -> -3410 | E2: =(B2-C2)/C2 -> 0.28416667 | F2: =IF(E2>=0, "Above Target", IF(E2>=-0.15, "Below Target - Watch", "Below Target - Critical")) -> Above Target | G2: Yes
A3: Dairy & Eggs | B3: ='Pivot Sheet'!B5 -> 14090 | C3: =_xlfn.XLOOKUP(A3, 'Category Targets'!$A$2:$A$7, 'Category Targets'!$B$2:$B$7, "Not Found") -> 16500 | D3: =C3-B3 -> 2410 | E3: =(B3-C3)/C3 -> -0.14606061 | F3: =IF(E3>=0, "Above Target", IF(E3>=-0.15, "Below Target - Watch", "Below Target - Critical")) -> Below Target - Watch | G3: Yes
A4: Fruits & Vegetables | B4: ='Pivot Sheet'!B6 -> 9790 | C4: =_xlfn.XLOOKUP(A4, 'Category Targets'!$A$2:$A$7, 'Category Targets'!$B$2:$B$7, "Not Found") -> 12000 | D4: =C4-B4 -> 2210 | E4: =(B4-C4)/C4 -> -0.18416667 | F4: =IF(E4>=0, "Above Target", IF(E4>=-0.15, "Below Target - Watch", "Below Target - Critical")) -> Below Target - Critical | G4: Yes
A5: Household Essentials | B5: ='Pivot Sheet'!B7 -> 21715 | C5: =_xlfn.XLOOKUP(A5, 'Category Targets'!$A$2:$A$7, 'Category Targets'!$B$2:$B$7, "Not Found") -> 17000 | D5: =C5-B5 -> -4715 | E5: =(B5-C5)/C5 -> 0.27735294 | F5: =IF(E5>=0, "Above Target", IF(E5>=-0.15, "Below Target - Watch", "Below Target - Critical")) -> Above Target | G5: Yes
A6: Personal Care | B6: ='Pivot Sheet'!B8 -> 16382 | C6: =_xlfn.XLOOKUP(A6, 'Category Targets'!$A$2:$A$7, 'Category Targets'!$B$2:$B$7, "Not Found") -> 15500 | D6: =C6-B6 -> -882 | E6: =(B6-C6)/C6 -> 0.056903226 | F6: =IF(E6>=0, "Above Target", IF(E6>=-0.15, "Below Target - Watch", "Below Target - Critical")) -> Above Target | G6: Yes
A7: Snacks & Beverages | B7: ='Pivot Sheet'!B9 -> 10895 | C7: =_xlfn.XLOOKUP(A7, 'Category Targets'!$A$2:$A$7, 'Category Targets'!$B$2:$B$7, "Not Found") -> 13000 | D7: =C7-B7 -> 2105 | E7: =(B7-C7)/C7 -> -0.16192308 | F7: =IF(E7>=0, "Above Target", IF(E7>=-0.15, "Below Target - Watch", "Below Target - Critical")) -> Below Target - Critical | G7: Yes

Sheet Monthly Data
A1: category | B1: month | C1: order_count | D1: total_revenue | E1: avg_revenue
A2: Bakery | B2: 2026-01 | C2: 6 | D2: 735 | E2: 122.5
A3: Bakery | B3: 2026-02 | C3: 8 | D3: 2440 | E3: 305
A4: Bakery | B4: 2026-03 | C4: 11 | D4: 3090 | E4: 280.90909
A5: Bakery | B5: 2026-04 | C5: 13 | D5: 3115 | E5: 239.61538
A6: Bakery | B6: 2026-05 | C6: 15 | D6: 3695 | E6: 246.33333
A7: Bakery | B7: 2026-06 | C7: 14 | D7: 2335 | E7: 166.78571
A8: Dairy & Eggs | B8: 2026-01 | C8: 9 | D8: 2035 | E8: 226.11111
A9: Dairy & Eggs | B9: 2026-02 | C9: 8 | D9: 1935 | E9: 241.875
A10: Dairy & Eggs | B10: 2026-03 | C10: 15 | D10: 3163 | E10: 210.86667
A11: Dairy & Eggs | B11: 2026-04 | C11: 9 | D11: 1650 | E11: 183.33333
A12: Dairy & Eggs | B12: 2026-05 | C12: 14 | D12: 3479 | E12: 248.5
A13: Dairy & Eggs | B13: 2026-06 | C13: 11 | D13: 1828 | E13: 166.18182
... A37: Snacks & Beverages | B37: 2026-06 | C37: 15 | D37: 1960 | E37: 130.66667

Sheet Category Targets
A1: category | B1: target_revenue_inr
A2: Fruits & Vegetables | B2: 12000
A3: Dairy & Eggs | B3: 16500
A4: Snacks & Beverages | B4: 13000
A5: Personal Care | B5: 15500
A6: Household Essentials | B6: 17000
A7: Bakery | B7: 12000
